Subject,Type,RMSD.copx.IMF2,RMSD.copy.IMF5,RMSD.copy.IMF6,ApEn.copx.IMF2,ApEn.copy.IMF4,ApEn.copy.IMF5,SampEn.copy.IMF5,SampEn.copy.IMF7,POWER.copy.IMF5,POWER.copy.IMF6,MF.copy.IMF4,MF.copy.IMF5
4,Fall,0.488419124,0.451573846,0.22667486,0.171391697,0.051816746,0.027062351,0.022016524,0.006071001,1243.013863,312.3403903,0.25,0.133333333
4,Fall,0.523239161,0.809271732,0.227795152,0.114061452,0.038016938,0.012849023,0.013158442,0,3900.863209,324.828647,0.183333333,0.05
4,Fall,0.527354903,0.479201159,0.847876947,0.135839874,0.04006183,0.017845141,0.017951869,0,1393.68343,4903.974477,0.2,0.1
49,Fall,0.616218752,0.423402164,0.378030946,0.163538069,0.056757916,0.025473023,0.025252455,0.003946322,1093.57583,869.3375507,0.266666667,0.133333333
49,Fall,0.489701213,0.362819991,0.262502311,0.17956344,0.055319964,0.024556878,0.023785098,0.003856528,801.0284537,435.758653,0.266666667,0.116666667
49,Fall,0.446317318,0.281072789,0.121439339,0.174243929,0.051346329,0.022306025,0.023719433,0.002009699,482.6165975,94.67132829,0.25,0.116666667
51,Fall,0.500204236,0.230526398,0.209598144,0.176686335,0.045046967,0.02082594,0.021575264,0,329.0944711,278.6945566,0.216666667,0.1
51,Fall,0.341826571,0.216730909,0.427350052,0.228340707,0.040923575,0.029114046,0.026523558,0,287.1793535,1125.592395,0.183333333,0.15
51,Fall,0.429869929,0.57404115,0.368103044,0.166957468,0.037856876,0.015706367,0.015730551,0,2072.529071,756.8767301,0.2,0.083333333
52,Fall,0.604883048,0.333665797,0.453803588,0.176984052,0.055462636,0.017683152,0.018447971,0.002990684,699.1426544,1104.896713,0.266666667,0.083333333
52,Fall,0.338719931,0.285112054,0.150979732,0.208527205,0.058882363,0.018810427,0.016876637,0.005023455,503.6100765,142.1467146,0.283333333,0.116666667
52,Fall,0.503200232,0.196218477,0.205630852,0.155160307,0.048057345,0.021569705,0.021815305,0.003191265,232.6841314,268.2388951,0.233333333,0.116666667
56,Fall,0.187249708,0.337345995,0.63355384,0.228171855,0.042031528,0.026986817,0.026999455,0.007304899,691.062852,2274.543726,0.2,0.133333333
56,Fall,0.253693624,0.393708274,0.644517504,0.20518294,0.042625371,0.018225965,0.015799953,0.003864686,930.4980794,2633.228569,0.216666667,0.1
56,Fall,0.255327593,0.465819177,0.177214824,0.234515005,0.035634309,0.020495204,0.019963926,0.001677239,1332.611199,194.6570841,0.166666667,0.1
64,Fall,0.417342735,0.421135049,0.513487168,0.336740044,0.056344795,0.020040065,0.020118457,0,1088.752703,1690.770661,0.266666667,0.083333333
64,Fall,0.39517063,0.419374463,0.493981026,0.292170288,0.054239965,0.032209583,0.02785453,0.007056478,1066.420978,1555.339339,0.266666667,0.166666667
64,Fall,0.300961093,0.814500748,0.436888675,0.374258677,0.053272978,0.020438879,0.020971081,0.00838232,4179.752932,1119.194269,0.266666667,0.083333333
72,Fall,0.406555398,0.18235757,0.204408771,0.238357864,0.055997821,0.032386894,0.033904748,0,204.2065074,257.1919361,0.25,0.15
72,Fall,0.558929783,0.187044046,0.219231978,0.207892179,0.062618104,0.039893689,0.037304752,0.010854522,211.3766903,288.8341607,0.316666667,0.2
72,Fall,0.394331412,0.204145739,0.234568651,0.306484318,0.067864091,0.033813,0.034521851,0.005026142,250.6811801,348.6854297,0.316666667,0.183333333
75,Fall,0.33380002,0.336294593,0.307754678,0.225257067,0.03920254,0.024028176,0.023066118,0,692.712264,554.3533936,0.183333333,0.116666667
75,Fall,0.333455966,0.374106767,0.238275889,0.22408982,0.058306347,0.0296044,0.028855576,0.005054953,849.8267722,336.2581894,0.283333333,0.133333333
75,Fall,0.226093831,0.396334099,0.18983031,0.25151477,0.039531026,0.021300378,0.02103931,0.004202988,957.6375183,220.6657792,0.166666667,0.1
78,Fall,0.3729276,0.291113252,0.437738603,0.208951831,0.045374146,0.01889668,0.018609202,0.004514622,516.3874902,1107.545162,0.2,0.1
78,Fall,0.316662341,0.343523928,0.287438986,0.252992646,0.049974144,0.020862666,0.020906038,0.005914681,687.3535322,498.0376278,0.233333333,0.1
78,Fall,0.238468985,0.176052438,0.230518786,0.260512689,0.050506704,0.029879572,0.029526028,0.007677858,188.7480177,331.8102229,0.25,0.15
79,Fall,0.301072554,0.342963015,0.195643092,0.177917741,0.05616379,0.022961286,0.023146746,0.003284407,726.4806394,235.5389938,0.25,0.116666667
79,Fall,0.385614146,0.299556277,0.156375054,0.165635085,0.052145231,0.027322754,0.026068434,0.006059253,546.6995181,150.57939,0.25,0.133333333
79,Fall,0.314265651,0.29337734,0.237621999,0.208223929,0.052115885,0.026326213,0.024068372,0.002028863,514.134084,344.0087585,0.25,0.133333333
81,Fall,0.357069194,0.420410049,0.527641099,0.195113602,0.046803607,0.024793354,0.025121938,0,1074.329649,1862.267983,0.233333333,0.133333333
81,Fall,0.392846452,0.487326227,0.789414256,0.219854478,0.033781255,0.019356205,0.018990699,0,1446.171053,3731.284508,0.15,0.1
81,Fall,0.352395532,0.635319159,0.325358103,0.221343934,0.048813063,0.013223161,0.013391428,0.00441338,2344.170934,676.8236339,0.233333333,0.066666667
82,Fall,0.76644389,0.401871377,0.221608849,0.105493985,0.046066345,0.017980173,0.017180075,0.003303805,950.6164212,290.1938191,0.216666667,0.1
82,Fall,0.451912178,0.496633714,0.300032036,0.158303689,0.033572304,0.01660017,0.016553533,0.003105776,1519.388479,572.8073135,0.15,0.083333333
82,Fall,0.441108809,0.546617868,0.409083359,0.130682745,0.040895152,0.026416775,0.025717171,0,1808.972966,1124.793892,0.2,0.133333333
85,Fall,0.607240339,0.58052033,0.435500204,0.213590925,0.048941106,0.023245566,0.022243276,0.007925985,2003.73062,1165.183825,0.233333333,0.133333333
85,Fall,0.455895859,0.266867403,0.383399344,0.269619077,0.061292632,0.03011667,0.029577371,0.008371588,425.9172878,904.943383,0.283333333,0.15
85,Fall,0.462690873,0.477607552,0.405433239,0.246157435,0.051308615,0.02499977,0.024459404,0,1372.549811,1078.102718,0.25,0.133333333
92,Fall,0.446464714,0.824538782,0.464169752,0.284662804,0.051399156,0.022028518,0.022311199,0.005164661,4093.678842,1303.141313,0.25,0.116666667
92,Fall,0.516140572,0.434061241,0.683111314,0.22272159,0.04728039,0.025522848,0.02056269,0.002543772,1127.0195,2993.794908,0.233333333,0.133333333
92,Fall,0.669085076,0.643860568,0.435512381,0.204606382,0.044237361,0.021267757,0.02052099,0.003642234,2502.572865,1157.900497,0.216666667,0.1
95,Fall,0.334024026,0.272228642,0.304387446,0.239709819,0.038684873,0.021980821,0.02184072,0.005574405,460.3888017,585.77086,0.183333333,0.1
95,Fall,0.386786954,0.355014573,0.311983483,0.24618634,0.063006609,0.028216641,0.02787906,0,759.4779493,580.4120034,0.3,0.15
95,Fall,0.288822126,0.460122187,0.381738867,0.310642862,0.04624763,0.026039001,0.026566904,0.006527381,1290.918917,925.6207141,0.2,0.133333333
100,Fall,0.457358324,0.419723515,0.33508136,0.147520179,0.043585144,0.013410847,0.011796175,0,1071.921145,723.0246728,0.216666667,0.066666667
100,Fall,0.331216051,0.326044442,0.390617904,0.184192274,0.043209035,0.02566705,0.0268515,0.00380099,640.8947615,961.0468326,0.2,0.133333333
100,Fall,0.561028079,0.426482332,0.306153726,0.137885769,0.041724517,0.018371696,0.019012695,0.00514083,1129.98246,580.3546586,0.2,0.1
102,Fall,0.438560924,0.373760855,0.345255831,0.25818272,0.05576002,0.02352687,0.023158743,0,862.2979568,756.3281822,0.266666667,0.116666667
102,Fall,0.329275813,0.289753062,0.268467913,0.305499396,0.047781903,0.023594093,0.018657133,0.002980802,512.5488226,461.633402,0.2,0.133333333
102,Fall,0.415741688,0.375425429,0.404757432,0.217121954,0.039041397,0.019535913,0.020171188,0,894.5165159,1032.57453,0.166666667,0.066666667
105,Fall,0.269249963,0.456765204,0.212250801,0.262900557,0.041374573,0.020796529,0.020579907,0.004317886,1248.672396,280.7017073,0.2,0.116666667
105,Fall,0.350861879,0.540359034,0.427211232,0.204204267,0.046433025,0.020775686,0.01681492,0.005615033,1806.417884,1120.911176,0.216666667,0.1
105,Fall,0.27940561,0.501013757,0.413845012,0.238951075,0.052118203,0.023120531,0.021866694,0.005473584,1495.113428,1050.438894,0.25,0.1
108,Fall,0.593282758,0.290993344,0.318335768,0.165148357,0.044243156,0.020685501,0.02110303,0.007891039,525.0106344,626.743729,0.233333333,0.1
108,Fall,0.488419124,0.451573846,0.22667486,0.171391697,0.051816746,0.027062351,0.022016524,0.006071001,1243.013863,312.3403903,0.25,0.133333333
108,Fall,0.429933398,0.45241032,0.35209489,0.214026135,0.053935699,0.018400328,0.018801753,0,1271.835318,750.7331694,0.25,0.1
110,Fall,0.380888038,0.508688319,0.314549912,0.176638364,0.056416976,0.025789216,0.025999793,0.007365362,1515.377655,636.3081721,0.266666667,0.133333333
110,Fall,0.270433416,0.440078118,0.684724887,0.193647289,0.058396476,0.031707676,0.031724596,0.002700421,1175.502746,2952.451115,0.283333333,0.166666667
110,Fall,0.229516001,0.536837938,0.390436536,0.21886427,0.042787517,0.022315294,0.023300328,0.008366728,1781.43453,939.6140459,0.2,0.116666667
113,Fall,0.62603993,0.426516902,0.398105785,0.162475874,0.045074583,0.021960841,0.021855408,0.004158559,1108.651796,1024.839928,0.216666667,0.116666667
113,Fall,0.369027919,0.635816866,0.360581552,0.201610327,0.031922644,0.012989643,0.009647717,0.003801861,2375.138124,824.4848299,0.166666667,0.083333333
113,Fall,0.378775443,0.477912714,0.842467166,0.200558715,0.046228946,0.022438498,0.021618656,0,1392.019876,3787.701782,0.233333333,0.116666667
121,Fall,0.24310594,0.258094602,0.183547871,0.217953396,0.044070153,0.023862405,0.024877937,0.004774659,404.7694073,210.4682964,0.216666667,0.116666667
121,Fall,0.304239113,0.298243495,0.169644367,0.205353022,0.03487277,0.019312373,0.01955527,0.00442851,539.1547325,169.7590815,0.166666667,0.1
121,Fall,0.294114474,0.379389589,0.184778507,0.175365741,0.039813974,0.018926074,0.016807426,0,899.5457254,193.2664532,0.183333333,0.083333333
132,Fall,0.55135483,0.321057165,0.312470495,0.213092147,0.051782737,0.026252667,0.025789675,0.005350365,626.7992349,616.3440423,0.25,0.133333333
132,Fall,0.370721923,0.511176685,0.266054157,0.265142822,0.038211941,0.028417397,0.028534948,0.008306369,1575.402714,443.117201,0.15,0.15
132,Fall,0.42714651,0.261403994,0.429364713,0.227530978,0.051506015,0.03138537,0.032280018,0.008178943,420.350855,1101.575933,0.25,0.15
134,Fall,0.517779824,0.424132718,0.341225391,0.207975038,0.062284898,0.033432057,0.032315256,0.005592649,1094.100147,685.3771536,0.3,0.166666667
134,Fall,0.232865308,0.358905869,0.292520846,0.307070253,0.05155578,0.033510552,0.029864938,0.005234923,777.7168786,532.1646649,0.25,0.166666667
134,Fall,0.362707876,0.33374484,0.364014053,0.278461892,0.055963066,0.030812267,0.030298702,0.005887815,668.9340479,766.2230121,0.266666667,0.15
149,Fall,0.411752211,0.169265731,0.132239799,0.181901009,0.05027969,0.023562241,0.024047849,0.005847736,174.2001429,108.2489094,0.25,0.116666667
149,Fall,0.487277908,0.296695131,0.377911096,0.160112845,0.043165879,0.022061937,0.021841784,0.004373744,543.2762785,822.2998366,0.216666667,0.116666667
149,Fall,0.266126146,0.267590333,0.326561311,0.263502853,0.045700002,0.021462143,0.021423828,0,436.4541668,675.4322274,0.233333333,0.116666667
150,Fall,0.355321719,0.374354667,0.245417236,0.193553815,0.050210484,0.026394352,0.02587896,0.004691764,850.2128238,381.4294297,0.233333333,0.133333333
150,Fall,0.469023844,0.140309971,0.202953545,0.148853457,0.031193436,0.0209135,0.021043312,0.003413569,122.7959142,251.6285685,0.133333333,0.1
150,Fall,0.259703922,0.448134258,0.312417246,0.212845671,0.043262488,0.015839183,0.015665119,0,1244.931067,576.1672886,0.216666667,0.083333333
157,Fall,0.421277795,0.194349422,0.185151751,0.164488936,0.050500982,0.033682643,0.032911703,0.005535618,231.0324614,209.1565816,0.216666667,0.166666667
157,Fall,0.3160003,0.2884088,0.2020031,0.236402,0.05270434,0.02271509,0.02305834,0.004107604,512.2109,269.6384,0.2666667,0.1166667
157,Fall,0.262645504,0.275783547,0.138666047,0.29345136,0.057927794,0.03390987,0.035341271,0.006348068,464.2905573,117.0045219,0.283333333,0.166666667
14,Old,0.514243081,0.280471772,0.550215778,0.265513626,0.073531139,0.035800983,0.035117756,0.006303721,476.7518303,1880.623926,0.35,0.183333333
14,Old,0.349436819,0.406782893,0.371884838,0.26911647,0.054385551,0.02341112,0.023338596,0.005380901,981.054002,856.0924761,0.266666667,0.133333333
14,Old,0.394946395,0.557264371,0.398289605,0.251536453,0.05595021,0.030901372,0.030572761,0.004948961,1895.212178,987.9607649,0.283333333,0.15
41,Old,0.309146134,0.15931145,0.401611867,0.217835516,0.037174153,0.027975377,0.027188103,0.003194452,155.3224877,1073.597913,0.166666667,0.133333333
41,Old,0.56021005,0.449547318,0.375597878,0.127427535,0.044761441,0.020577302,0.02038659,0.008830024,1238.356234,881.6919131,0.233333333,0.1
41,Old,0.301901345,0.317230535,0.172845037,0.186504947,0.059024813,0.027591453,0.029237362,0,570.8880491,193.0242687,0.3,0.133333333
42,Old,0.559920322,0.688337596,0,0.126522777,0.032725745,0.009442182,0.00834562,0,3051.322406,0,0.166666667,0.05
42,Old,0.404652894,0.360273091,0.773157589,0.132259399,0.035037598,0.013149708,0.012789047,0,767.8918205,4094.213954,0.166666667,0.066666667
42,Old,0.442360139,0.271213787,0.371153264,0.120084804,0.046915556,0.021431317,0.020851805,0.003707278,445.6739826,903.2859042,0.233333333,0.116666667
43,Old,0.259644252,0.120123452,0.157355632,0.259997578,0.046424043,0.034265054,0.025931834,0.00868654,86.68530859,156.7724374,0.2,0.183333333
43,Old,0.243387432,0.186804212,0.12378965,0.255302178,0.052003686,0.027747837,0.027835684,0.005988749,211.346736,95.21520153,0.266666667,0.133333333
43,Old,0.225199467,0.165744401,0.069524491,0.27956151,0.052753215,0.029444422,0.026773176,0.00497896,165.1130708,29.25412566,0.25,0.15
44,Old,0.171325052,0.208340338,0.177694302,0.324088876,0.088265262,0.043476998,0.043792373,0.008928117,260.7684539,195.1868806,0.416666667,0.216666667
44,Old,0.194094414,0.200956367,0.144883737,0.207388994,0.068651071,0.034810564,0.033506526,0.010848043,244.9997562,127.6721764,0.316666667,0.183333333
44,Old,0.135493692,0.196458771,0.170035984,0.315647397,0.080382897,0.044266855,0.044284982,0.011972988,235.6646234,178.9791151,0.366666667,0.2
45,Old,0.316329933,0.431126306,0.202012835,0.206573783,0.063984482,0.025672412,0.026923276,0.008433497,1114.856647,239.8595745,0.316666667,0.133333333
45,Old,0.200609588,0.302234821,0.292297241,0.269917024,0.041422847,0.017937339,0.016158994,0,564.2043926,561.2154695,0.216666667,0.1
45,Old,0.389550542,0.247822074,0.506900178,0.166656519,0.05296996,0.026119882,0.026537779,0,378.9061727,1682.818745,0.25,0.116666667
46,Old,0.472859418,0.396297985,0.300821943,0.203659045,0.050871804,0.026183502,0.026342759,0.005356308,965.1339964,560.6679095,0.216666667,0.133333333
46,Old,0.255534633,0.272853776,0.523034715,0.230327155,0.063833063,0.0280859,0.028257708,0,441.7610632,1803.265116,0.316666667,0.133333333
46,Old,0.263238534,0.455872168,0.253831134,0.298825469,0.057428149,0.032654059,0.029606307,0.003598313,1273.826965,389.7286489,0.25,0.15
47,Old,0.3499185,0.32876823,0.217195236,0.224752665,0.04779462,0.028436716,0.027785976,0,657.4653773,297.348988,0.2,0.15
47,Old,0.401990242,0.303972132,0.238025095,0.173496002,0.048556453,0.022282224,0.021737143,0.006491081,564.2348158,345.291514,0.216666667,0.116666667
47,Old,0.397374654,0.340494214,0.235806381,0.156620542,0.047605285,0.019816052,0.019666752,0.002566523,703.2329873,340.0950263,0.233333333,0.1
50,Old,0.340741336,0.317633356,0.135253287,0.211739471,0.044758283,0.02152233,0.02118829,0,609.2067193,106.0024581,0.2,0.116666667
50,Old,0.409090248,0.391049332,0.350104546,0.201229875,0.047585827,0.018420482,0.019361104,0.003488314,947.7102315,692.759439,0.233333333,0.1
50,Old,0.238714053,0.355353145,0.205375954,0.24571234,0.040764133,0.018482885,0.016580381,0.006531615,776.6971598,261.7615871,0.183333333,0.1
58,Old,0.286270843,0.313509246,0.250869201,0.244915324,0.054671576,0.030329912,0.029876267,0.005642557,599.6072329,402.4689421,0.266666667,0.15
58,Old,0.18253889,0.360606157,0.23257726,0.304923727,0.049129115,0.024147375,0.022461357,0.007936353,787.7126917,341.7108894,0.216666667,0.116666667
58,Old,0.16797562,0.295226019,0.160072971,0.291449087,0.049416308,0.029810405,0.030676875,0.004432938,526.0885047,157.3310532,0.266666667,0.15
65,Old,0.321406272,0.505875717,0.316838801,0.330992639,0.047366526,0.022848613,0.019749502,0.007799661,1548.295609,629.4207286,0.216666667,0.133333333
65,Old,0.29506074,0.343189922,0.427227499,0.324307029,0.046822115,0.019363336,0.018315059,0.002760205,739.7680595,1119.130623,0.233333333,0.083333333
65,Old,0.36817555,0.519708016,0.557851778,0.269860375,0.05103953,0.027720314,0.024737892,0.008207554,1626.237536,1972.73623,0.25,0.15
67,Old,0.445826121,0.424575536,0.240038548,0.165414641,0.035324734,0.016362259,0.016072167,0,1079.510703,358.6504652,0.183333333,0.083333333
67,Old,0.531755343,0.454616862,0.375683605,0.167932959,0.038138251,0.013780347,0.015757565,0.00415526,1163.008413,811.9692121,0.183333333,0.066666667
67,Old,0.486898594,0.513989714,0,0.183951466,0.032816811,0.014594865,0.014525282,0,1655.031845,0,0.166666667,0.066666667
68,Old,0.569236777,0.399374412,0.436870033,0.164167496,0.033086046,0.012538122,0.012947787,0,942.5002523,1092.997727,0.183333333,0.066666667
68,Old,0.363033663,0.550657596,0.232064858,0.197705697,0.032905752,0.019252312,0.018050312,0.006192902,1839.83206,337.5946733,0.166666667,0.116666667
68,Old,0.359597402,0.432323332,0.133922834,0.199132669,0.034229577,0.024968184,0.023661425,0.007854407,1131.640047,110.9480307,0.166666667,0.133333333
69,Old,0.212728774,0.169891836,0.230508167,0.268782291,0.055501316,0.027495697,0.027680578,0.005128929,176.8827257,330.8413601,0.266666667,0.133333333
69,Old,0.207611848,0.267684144,0.260071721,0.277836856,0.053531298,0.026239697,0.026626433,0.003033575,442.3433483,432.2202314,0.266666667,0.116666667
69,Old,0.226686939,0.305021849,0.296069879,0.28965508,0.059326224,0.023942849,0.024265055,0,575.9436385,540.4905588,0.3,0.116666667
70,Old,0.277156459,0.416538571,0.300732006,0.222558755,0.060638696,0.026116379,0.026427408,0,1058.396844,577.6434017,0.316666667,0.133333333
70,Old,0.222295536,0.319676267,0.161978739,0.290329732,0.043428398,0.026889301,0.02594706,0,621.3680469,166.7381257,0.216666667,0.133333333
70,Old,0.295551324,0.401617162,0.41221151,0.233906064,0.040121818,0.025816195,0.025327844,0.005624782,970.6998965,1114.895099,0.2,0.133333333
71,Old,0.753062452,0.237248548,0.258623628,0.162978322,0.042588958,0.01838688,0.018744204,0.004471069,351.9632618,442.1728956,0.2,0.083333333
71,Old,0.547607066,0.23571493,0.236046488,0.136209,0.044322093,0.019537049,0.016511536,0.006600159,338.2410128,338.628161,0.2,0.1
71,Old,0.458236458,0.204057523,0.227306695,0.182097044,0.05524293,0.027902142,0.027173526,0.004142189,250.8598318,307.2525044,0.266666667,0.15
73,Old,0.306958212,0.36426079,0.224986382,0.235837083,0.056475048,0.026071305,0.023457338,0.013802323,808.5982492,314.2037864,0.266666667,0.133333333
73,Old,0.284577931,0.406841743,0.25439647,0.204725212,0.056207531,0.02250755,0.019847051,0.004790978,964.7351926,400.1846869,0.266666667,0.116666667
73,Old,0.342828592,0.387133889,0.423369805,0.210206437,0.06671061,0.033059131,0.033616593,0,904.9189673,1097.067734,0.333333333,0.166666667
74,Old,0.363931044,0.236633472,0.145780423,0.205289421,0.047675289,0.022551144,0.021312536,0.003271333,340.2829046,124.2965328,0.216666667,0.116666667
74,Old,0.257494458,0.142533785,0.182666976,0.288388877,0.04893697,0.025017366,0.02521982,0.007976419,124.8736645,204.2333102,0.216666667,0.116666667
74,Old,0.358363875,0.281040535,0.27606439,0.269062361,0.059266945,0.02996443,0.031729201,0.006241858,486.0708531,417.7979311,0.3,0.133333333
76,Old,0.272741855,0.535751946,0.302554499,0.255494302,0.046501153,0.017636823,0.017992563,0.004352775,1737.678154,582.6362207,0.216666667,0.083333333
76,Old,0.326477791,0.176210428,0.19305205,0.280292608,0.046842107,0.024791449,0.025272244,0,191.8918681,241.2299034,0.233333333,0.116666667
76,Old,0.179196993,0.400849362,0.599813909,0.348634735,0.055191281,0.026636617,0.026844659,0.004002621,993.3595153,2211.097105,0.25,0.116666667
77,Old,0.180642019,0.423729156,0.32170508,0.368714924,0.059968908,0.023009887,0.022425267,0.003164499,1102.729739,634.3006188,0.283333333,0.116666667
77,Old,0.215525119,0.453780588,0.192615006,0.303144228,0.05244885,0.025840285,0.025498386,0.007575986,1272.784972,227.8131823,0.233333333,0.116666667
77,Old,0.205835462,0.412940149,0.265477594,0.328323867,0.04558641,0.0214246,0.02205031,0.003616068,1032.562702,445.6104077,0.216666667,0.116666667
83,Old,0.232608312,0.300633356,0.207956265,0.21259115,0.038219536,0.023570444,0.024235067,0.004195436,555.5279891,267.1216769,0.183333333,0.116666667
83,Old,0.334303832,0.304494307,0.102188148,0.181926167,0.039788353,0.025767866,0.025547743,0.008244321,562.1258572,61.07567391,0.15,0.133333333
83,Old,0.251604578,0.333246879,0.264772035,0.21649108,0.040742893,0.018190029,0.018197736,0.005768326,671.0966902,444.8718425,0.216666667,0.1
84,Old,0.379700336,0.58671379,0.198452401,0.244118488,0.061405985,0.027466604,0.028017248,0.009077556,2072.039679,242.8968492,0.266666667,0.15
84,Old,0.408861129,0.465727158,0.472260425,0.207025432,0.048773464,0.024094215,0.024583017,0,1307.135043,1393.213284,0.233333333,0.116666667
84,Old,0.405971856,0.576446757,0.85546041,0.199326946,0.050182265,0.022666368,0.02137589,0.003740624,2043.006313,4617.509851,0.25,0.116666667
87,Old,0.412483726,0.303297166,0.284635333,0.209773193,0.063940276,0.030272455,0.027605676,0.009253318,557.7002592,485.5122257,0.3,0.166666667
87,Old,0.336659803,0.260733244,0.213475794,0.26513299,0.065289636,0.035823561,0.034209191,0.005581117,409.9209421,276.0818977,0.316666667,0.166666667
87,Old,0.484853057,0.401956441,0.262081976,0.188462949,0.074883857,0.026874161,0.027580338,0.005197275,990.5960227,418.2323876,0.35,0.133333333
88,Old,0.593299354,0.283822792,0.353434084,0.137818751,0.041007857,0.023705638,0.022679813,0.00638284,472.9121168,799.0657958,0.183333333,0.116666667
88,Old,0.33395686,0.275559321,0.120870451,0.195602824,0.036043303,0.024074438,0.024463386,0,460.0671245,90.59246329,0.166666667,0.133333333
88,Old,0.33771218,0.39625225,0.198451686,0.146897259,0.039706606,0.014000547,0.009267149,0,988.2877419,265.8504522,0.183333333,0.083333333
91,Old,0.190343521,0.279598963,0.287382833,0.287902814,0.064452603,0.031985496,0.032357471,0.006210288,468.9744084,475.6239122,0.3,0.166666667
91,Old,0.180804928,0.333385912,0.508073683,0.317820355,0.047880645,0.018238997,0.018385759,0,646.2136779,1691.082639,0.25,0.083333333
91,Old,0.172402146,0.459110181,0.415625389,0.339896922,0.064430747,0.021273846,0.022394085,0,1313.97558,1070.603556,0.316666667,0.1
93,Old,0.324490428,0.298560635,0.239575711,0.307880095,0.048558656,0.025264301,0.025881376,0.00834071,535.69061,353.4457657,0.233333333,0.133333333
93,Old,0.339241204,0.250844953,0.289690232,0.293226661,0.052191665,0.029257146,0.030198107,0.005297659,379.0161035,503.3664675,0.25,0.15
93,Old,0.31613927,0.294748836,0.264134233,0.236556343,0.057428729,0.027267585,0.027339404,0.007500001,534.4668916,411.7348825,0.283333333,0.133333333
94,Old,0.43640761,0.316999896,0.327687989,0.306329589,0.053843251,0.025659399,0.026171853,0.009195319,616.4477038,661.5059734,0.266666667,0.116666667
94,Old,0.524486971,0.281176093,0.299308885,0.210677855,0.054068021,0.029598855,0.029994098,0.006289938,476.454844,527.9106195,0.266666667,0.15
94,Old,0.514024238,0.32377572,0.211633474,0.190225219,0.055018797,0.030075946,0.030537153,0.009185591,642.3630916,260.4486389,0.266666667,0.133333333
96,Old,0.474387789,0.305568001,0.348301316,0.214869541,0.055292167,0.028300337,0.02761044,0.01103084,565.9558826,733.3719218,0.266666667,0.133333333
96,Old,0.409729685,0.456033273,0.272411381,0.247387857,0.05137668,0.024418016,0.023015961,0.005355172,1267.072845,464.6196076,0.25,0.133333333
96,Old,0.307334795,0.573959489,0.423637698,0.264576951,0.043538183,0.022001604,0.022742113,0.007051922,1979.848665,1118.571496,0.2,0.116666667
98,Old,0.221142976,0.259023665,0.304159373,0.337447956,0.064668565,0.036258589,0.036703186,0.008521315,406.2560763,527.871568,0.3,0.166666667
98,Old,0.232648352,0.169988717,0.139295367,0.280646025,0.070928449,0.044221046,0.045857727,0.00897068,175.0785088,116.1275545,0.333333333,0.216666667
98,Old,0.23247413,0.333975303,0.288494517,0.334100589,0.063014371,0.028462146,0.030133872,0.011698789,683.119471,516.1618072,0.3,0.133333333
103,Old,0.791023535,0.466823403,0.376017519,0.142309056,0.050843444,0.023119041,0.023530352,0.005491347,1332.970023,925.7238282,0.25,0.116666667
103,Old,0.855458672,0.519955635,0.510223111,0.11634514,0.048458725,0.024620744,0.023902859,0,1625.881878,1708.219163,0.233333333,0.133333333
103,Old,0.643899093,0.422603365,0.366380928,0.161432169,0.04904469,0.023049648,0.02319255,0.004964041,1072.420618,859.6705076,0.25,0.116666667
104,Old,0.220886153,0.413175607,0.326289618,0.26415048,0.045108398,0.03062065,0.030816839,0.005120228,1044.286173,655.961934,0.2,0.15
104,Old,0.185176606,0.57906482,0.310845325,0.298162322,0.049815197,0.019256466,0.019309657,0.005984924,2077.288543,566.7216019,0.25,0.1
104,Old,0.177770178,0.337965321,0.214079141,0.335285972,0.056219153,0.031089461,0.03106602,0.006556925,689.0679676,277.121387,0.283333333,0.15
106,Old,0.514967202,0.246750209,0.242332892,0.214207101,0.073432794,0.037979996,0.036545219,0.008222983,365.9845712,347.6258189,0.283333333,0.183333333
106,Old,0.433220177,0.471090305,0.148751366,0.201409012,0.064505533,0.032326178,0.031567793,0.004266591,1310.219245,131.2057106,0.3,0.166666667
106,Old,0.355647276,0.2348887,0.18624858,0.285894941,0.054533907,0.03651969,0.03743829,0.006360681,334.7142953,201.4809367,0.266666667,0.183333333
107,Old,0.367532418,0.215824791,0.393719395,0.157935549,0.042248858,0.023081889,0.023067856,0,282.2604387,1055.813383,0.216666667,0.116666667
107,Old,0.330836226,0.308023814,0.325705621,0.178562218,0.045966128,0.02390351,0.023802634,0,574.2199667,675.5869317,0.233333333,0.133333333
107,Old,0.459139602,0.449279284,0.227768303,0.12765374,0.034312038,0.019964996,0.020477097,0,1218.624704,337.5978566,0.166666667,0.1
111,Old,0.646168687,0.336022672,0.328509681,0.191058308,0.063882435,0.026427788,0.026315722,0.006582659,696.7650241,648.1666013,0.316666667,0.133333333
111,Old,0.366102486,0.219569059,0.332721482,0.290821795,0.066107412,0.038431797,0.038413531,0.005225511,294.2728622,686.7283516,0.316666667,0.183333333
111,Old,0.386050571,0.180409961,0.256864216,0.255588805,0.067151145,0.035091299,0.035052653,0.006356961,199.5951808,405.7550275,0.316666667,0.166666667
112,Old,0.242303432,0.454034249,0.294513661,0.269248122,0.050392878,0.027081732,0.026731982,0.005901582,1258.453382,528.5738781,0.233333333,0.133333333
112,Old,0.325987362,0.431408132,0.414471227,0.273048779,0.040485151,0.02728012,0.026729284,0.003528983,1136.380217,1059.266399,0.183333333,0.133333333
112,Old,0.334741262,0.304842528,0.332150658,0.22679744,0.046748443,0.030331293,0.025358974,0.010241365,569.0467676,672.7589381,0.216666667,0.15
120,Old,0.25393492,0.385026885,0.318856194,0.191458788,0.033395847,0.01647726,0.01605807,0.002944192,913.36605,573.5121874,0.166666667,0.083333333
120,Old,0.151125181,0.334841157,0.237538563,0.300092656,0.047058303,0.025957077,0.02534954,0.004697091,680.4785668,367.9439372,0.233333333,0.133333333
120,Old,0.325464671,0.313707835,0.180596733,0.142004727,0.041802212,0.020591407,0.020897486,0.004902031,602.8494548,202.0841168,0.2,0.1
133,Old,0.305115771,0.18366533,0.190771566,0.2979577,0.055097985,0.031970648,0.03025036,0.005069443,203.4006815,222.1109613,0.266666667,0.166666667
133,Old,0.275914962,0.210761346,0.126124539,0.317952759,0.06196007,0.032590322,0.032886372,0.008056152,270.4707377,95.5011351,0.283333333,0.15
133,Old,0.346784748,0.255180363,0.310564429,0.325839962,0.056149457,0.031821655,0.030787441,0.003086551,399.1342861,546.9830214,0.266666667,0.15
145,Old,0.485109624,0.310760293,0.277479801,0.183442812,0.057950684,0.036744959,0.037615899,0.006442725,579.8040366,468.8820349,0.25,0.183333333
145,Old,0.384848648,0.353220556,0.206552193,0.20314841,0.040476808,0.021998217,0.021495151,0.00370138,767.5785431,276.4342454,0.183333333,0.116666667
145,Old,0.427065432,0.340027415,0.271639078,0.174111719,0.055332231,0.028680829,0.02221452,0,705.297108,474.4948114,0.266666667,0.15
146,Old,0.477763195,0.399159977,0.304611541,0.20585908,0.04449245,0.01770063,0.015142568,0,947.6892876,594.9207357,0.2,0.1
146,Old,0.551566525,0.490293658,0.228449715,0.170303599,0.037440956,0.015865457,0.015197366,0.005250115,1394.545386,335.6780166,0.166666667,0.083333333
146,Old,0.464012121,0.453101951,0.285098207,0.176332325,0.043949445,0.021930007,0.021893994,0.005258383,1248.575869,500.9023753,0.216666667,0.116666667
148,Old,0.365624024,0.273271553,0.503063722,0.192997786,0.043350321,0.031206419,0.026928698,0.004825906,453.9647315,1413.77089,0.216666667,0.15
148,Old,0.251853316,0.253770052,0.327545793,0.273898075,0.050866471,0.028735565,0.028806825,0.005131726,392.7130946,654.9139013,0.25,0.133333333
148,Old,0.235101099,0.365664526,0.275073019,0.255696726,0.041084564,0.019279924,0.018379986,0.004951277,830.6744002,459.188406,0.183333333,0.1
151,Old,0.404835996,0.187191688,0.275722264,0.226957562,0.052494657,0.031426796,0.028249742,0,211.7321123,472.1914379,0.233333333,0.15
151,Old,0.31762732,0.314310202,0.285041934,0.207318424,0.057243875,0.029010743,0.028352935,0.010802986,598.356507,502.0550743,0.3,0.15
151,Old,0.23581918,0.183277689,0.159037279,0.285216844,0.052458828,0.024995588,0.026029887,0,192.3249784,155.1303087,0.25,0.133333333
153,Old,0.619072759,0.296276814,0.418769186,0.153395081,0.047456934,0.021978919,0.022853683,0.005720751,537.946165,1044.239644,0.233333333,0.116666667
153,Old,0.32536273,0.317110925,0.264500309,0.240037081,0.049366991,0.021916519,0.020919763,0,614.5365555,431.2683061,0.233333333,0.116666667
153,Old,0.302019566,0.271234494,0.283201031,0.19216305,0.058103184,0.027164975,0.025990849,0.003015778,445.0588635,484.5632961,0.3,0.133333333
154,Old,0.397911446,0.363414113,0.21911121,0.226986777,0.042712086,0.019098532,0.018596974,0.004927727,801.2707853,302.2819457,0.216666667,0.083333333
154,Old,0.460050505,0.274934042,0.268560351,0.187260446,0.050099298,0.030314208,0.030068236,0.007400946,456.6963854,455.056734,0.266666667,0.15
154,Old,0.480223905,0.676997617,0.415210136,0.222296392,0.045276297,0.022068702,0.018841398,0.004639907,2779.02585,1125.04103,0.233333333,0.116666667
155,Old,0.463763475,0.57886462,0.35444577,0.156040127,0.046281871,0.02189503,0.022156145,0.003358259,2048.283064,785.2839918,0.233333333,0.1
155,Old,0.613495434,0.450209733,0.436478932,0.095175314,0.040135714,0.021058036,0.019781818,0.004478457,1223.150465,1181.928899,0.183333333,0.1
155,Old,0.503174025,0.387307893,0.41056697,0.138187065,0.034326274,0.018152779,0.018116438,0.006083649,947.5882861,1063.750021,0.166666667,0.066666667
156,Old,0.336725884,0.195088386,0.288300404,0.21922679,0.051174515,0.028453743,0.028680504,0.006297184,231.1600302,463.2561309,0.25,0.15
156,Old,0.2098827,0.2324496,0.09492067,0.2732295,0.04426634,0.02857327,0.02886551,0.005002569,1.166667,0.95,,
156,Old,0.3322819,0.1819012,0.2538315,0.2010662,0.06066774,0.02952221,0.02878938,0.004855967,202.8781,401.6331,0.2833333,0.15
158,Old,0.266809741,0.176128769,0.271221457,0.268565181,0.046422083,0.027371371,0.027546298,0,190.2989937,451.1092831,0.216666667,0.133333333
158,Old,0.363486384,0.183471768,0.251326888,0.232371308,0.047361776,0.02317155,0.023846706,0,202.3186744,418.4559726,0.233333333,0.116666667
158,Old,0.3060229,0.2009793,0.08418406,0.2487761,0.04597784,0.02892619,0.02896001,0.008221503,246.9915,44.16973,0.2333333,0.1333333
